company,filing_type,filing_date,filing_accession_number,local_path,download_status
Unknown,Unknown,Unknown,Unknown,,Failed: Request failed with status code 503
Unknown,Unknown,Unknown,Unknown,,Failed: Request failed with status code 503
Unknown,Unknown,Unknown,Unknown,,Failed: Request failed with status code 503
Unknown,Unknown,Unknown,Unknown,,Failed: Request failed with status code 503
Unknown,Unknown,Unknown,Unknown,,Failed: Request failed with status code 503
Unknown,Unknown,Unknown,Unknown,,Failed: Request failed with status code 503
Unknown,Unknown,Unknown,Unknown,,Failed: Request failed with status code 503
Unknown,Unknown,Unknown,Unknown,,Failed: Request failed with status code 503
Unknown,Unknown,Unknown,Unknown,,Failed: Request failed with status code 503
Unknown,Unknown,Unknown,Unknown,,Failed: Request failed with status code 503
